{"assets/exe/munatasks.iss":["assets/exe/munatasks.iss"],"assets/icon/icon.png":["assets/icon/icon.png"],"assets/img/bottom1.png":["assets/img/bottom1.png"],"assets/img/bottom2.png":["assets/img/bottom2.png"],"assets/img/digital.png":["assets/img/digital.png"],"assets/img/face.png":["assets/img/face.png"],"assets/img/fundo_app_bar.png":["assets/img/fundo_app_bar.png"],"assets/img/fundo_app_bar_old.png":["assets/img/fundo_app_bar_old.png"],"assets/img/fundo_app_bar_old_blue.png":["assets/img/fundo_app_bar_old_blue.png"],"assets/img/fundo_gesun.png":["assets/img/fundo_gesun.png"],"assets/img/google.png":["assets/img/google.png"],"assets/img/main.png":["assets/img/main.png"],"assets/img/person.png":["assets/img/person.png"],"assets/img/splash_dark.png":["assets/img/splash_dark.png"],"assets/img/splash_light.png":["assets/img/splash_light.png"],"assets/img/top1.png":["assets/img/top1.png"],"assets/img/top2.png":["assets/img/top2.png"],"packages/cupertino_icons/assets/CupertinoIcons.ttf":["packages/cupertino_icons/assets/CupertinoIcons.ttf"],"packages/flutter_iconpicker/fonts/LineAwesome.ttf":["packages/flutter_iconpicker/fonts/LineAwesome.ttf"],"packages/flutter_iconpicker/fonts/fa-brands-400.ttf":["packages/flutter_iconpicker/fonts/fa-brands-400.ttf"],"packages/flutter_iconpicker/fonts/fa-regular-400.ttf":["packages/flutter_iconpicker/fonts/fa-regular-400.ttf"],"packages/flutter_iconpicker/fonts/fa-solid-900.ttf":["packages/flutter_iconpicker/fonts/fa-solid-900.ttf"],"packages/font_awesome_flutter/lib/fonts/fa-brands-400.ttf":["packages/font_awesome_flutter/lib/fonts/fa-brands-400.ttf"],"packages/font_awesome_flutter/lib/fonts/fa-regular-400.ttf":["packages/font_awesome_flutter/lib/fonts/fa-regular-400.ttf"],"packages/font_awesome_flutter/lib/fonts/fa-solid-900.ttf":["packages/font_awesome_flutter/lib/fonts/fa-solid-900.ttf"]}