[{"family":"MaterialIcons","fonts":[{"asset":"fonts/MaterialIcons-Regular.otf"}]},{"family":"packages/cupertino_icons/CupertinoIcons","fonts":[{"asset":"packages/cupertino_icons/assets/CupertinoIcons.ttf"}]},{"family":"packages/flutter_iconpicker/LineAwesomeIcons","fonts":[{"style":"normal","asset":"packages/flutter_iconpicker/fonts/LineAwesome.ttf"}]},{"family":"packages/flutter_iconpicker/FontAwesomeBrands","fonts":[{"style":"normal","asset":"packages/flutter_iconpicker/fonts/fa-brands-400.ttf"}]},{"family":"packages/flutter_iconpicker/FontAwesomeSolid","fonts":[{"style":"normal","asset":"packages/flutter_iconpicker/fonts/fa-solid-900.ttf"}]},{"family":"packages/flutter_iconpicker/FontAwesomeRegular","fonts":[{"style":"normal","asset":"packages/flutter_iconpicker/fonts/fa-regular-400.ttf"}]},{"family":"packages/font_awesome_flutter/FontAwesomeBrands","fonts":[{"weight":400,"asset":"packages/font_awesome_flutter/lib/fonts/fa-brands-400.ttf"}]},{"family":"packages/font_awesome_flutter/FontAwesomeRegular","fonts":[{"weight":400,"asset":"packages/font_awesome_flutter/lib/fonts/fa-regular-400.ttf"}]},{"family":"packages/font_awesome_flutter/FontAwesomeSolid","fonts":[{"weight":900,"asset":"packages/font_awesome_flutter/lib/fonts/fa-solid-900.ttf"}]}]